{"eval/samples_per_second":4.304,"train/epoch":5,"eval/val_loss":1.103129506111145,"eval/num_samples":10,"eval/bert_recall":0.6471125483512878,"_timestamp":1.763531175268825e+09,"final_gpu_memory_gb":23.742,"eval/train_loss":1.196649193763733,"peak_memory_used_gb":8.748000000000001,"eval/exact_match":0,"_step":50,"train/loss":1.2081,"eval/rougeL":0.07692307692307691,"train_runtime":426.2695,"total_flos":4.84598190440448e+16,"_runtime":1083,"eval/bert_f1":0.6153634786605835,"train/global_step":70,"train_samples_per_second":1.232,"train/grad_norm":2.404078722000122,"eval/detailed_examples":{"artifact_path":"wandb-client-artifact://12ox6e231755e3grtt7onsw35xvip54qp2yhdo4m4709jad0xelqgax5duml799sf26cey0h3v9e5uvvledc00ou7hkdhc9w0tgehfeqxpzs6u60gojl9akea0564b2a/eval/detailed_examples.table.json","nrows":5,"size":10185,"sha256":"03857a36cd4d82a60e2dbdf3afdeb8948a6a7261285626bb42e46e14c021b351","ncols":4,"log_mode":"IMMUTABLE","path":"media/table/eval/detailed_examples_50_03857a36cd4d82a60e2d.table.json","_type":"table-file","_latest_artifact_path":"wandb-client-artifact://1y8q4okuvb4tgwazftgmi26kv7cbpsffmt1ypcm9gb8sto5p4if4eb2wlbbqro3kq008d65bu2n23irj4lwwjskjsqokyamwjajyjxizoi9z99d1gesq5jyues9t029m:latest/eval/detailed_examples.table.json"},"train_loss":1.489664193562099,"eval/steps_per_second":2.152,"_wandb":{"runtime":1083},"train/learning_rate":2.5e-06,"train_steps_per_second":0.164,"eval/rouge1":0.07692307692307691,"eval/runtime":2.3235,"eval/rouge2":0.03636363636363636,"eval/bert_precision":0.5869929790496826,"eval/loss":1.103129506111145}